family_id,size,members
rescue-family-0001,1,0PV-a.01
rescue-family-0002,1,0PV-b.01
rescue-family-0003,1,0PV-c.01
rescue-family-0004,1,0PV-d.01
rescue-family-0005,1,1-79
rescue-family-0006,14,10-1121|10-1130|10-1146|10-1341|10-1369|10-259|10-303|10-410|10-847|10-996|PGT121|PGT122|PGT123|PGT124
rescue-family-0007,4,10E8|10E8v4|10E8v4-DS|7H6
rescue-family-0008,8,10J4|10M6|13I10|2N5|35O22|4O20|7B9|7K3
rescue-family-0009,2,12A12|12A21
rescue-family-0010,1,1357
rescue-family-0011,2,1361|1393A
rescue-family-0012,1,15e
rescue-family-0013,1,179NC75
rescue-family-0014,1,1B2530
rescue-family-0015,1,1NC9
rescue-family-0016,1,2158
rescue-family-0017,1,2219
rescue-family-0018,1,2408b
rescue-family-0019,1,2413b
rescue-family-0020,1,2413c
rescue-family-0021,1,2557
rescue-family-0022,1,2558
rescue-family-0023,1,2723-2121
rescue-family-0024,5,2723-3055|VRC08|VRC08c|VRC08d|VRC08e
rescue-family-0025,1,2723-3131
rescue-family-0026,25,2723-4186|DH651.1|DH651.2|DH651.3|DH651.4|DH651.5|DH651.6|DH651.7|NIH45-46|VRC01|VRC01 UCA|VRC01b|VRC01c|VRC01d|VRC01e|VRC01f|VRC01g|VRC01h|VRC01i|VRC02|VRC07b|VRC07c|VRC07d|VRC07e|VRC07f
rescue-family-0027,1,2C06
rescue-family-0028,1,2C09
rescue-family-0029,1,2F5
rescue-family-0030,1,3019
rescue-family-0031,1,3602-870
rescue-family-0032,1,3694
rescue-family-0033,1,3906
rescue-family-0034,1,3BC315
rescue-family-0035,2,3BNC117|3BNC60
rescue-family-0036,1,4022
rescue-family-0037,1,4025
rescue-family-0038,1,40591-a.01
rescue-family-0039,1,412d
rescue-family-0040,1,41328-a.01
rescue-family-0041,1,42056-a.01
rescue-family-0042,1,42056-b.01
rescue-family-0043,2,438-B11|438-D5
rescue-family-0044,1,447-52D
rescue-family-0045,1,44715-a.01
rescue-family-0046,1,48d
rescue-family-0047,2,561_01_18|561_01_55
rescue-family-0048,1,561_02_12
rescue-family-0049,1,5695-b.01
rescue-family-0050,1,6070-a.01
rescue-family-0051,1,654-D
rescue-family-0052,1,6561-a.01
rescue-family-0053,1,697-D
rescue-family-0054,1,830A
rescue-family-0055,2,8ANC131|8ANC134
rescue-family-0056,2,A12V163-a.01|A12V163-a.02
rescue-family-0057,1,A12V163-b.01
rescue-family-0058,1,A16
rescue-family-0059,1,ACS101
rescue-family-0060,1,ACS114
rescue-family-0061,1,ACS117
rescue-family-0062,1,ACS122
rescue-family-0063,1,ACS125
rescue-family-0064,1,ACS130
rescue-family-0065,1,ACS202
rescue-family-0066,1,AIIMS-P01
rescue-family-0067,1,Bess1
rescue-family-0068,1,Bess4
rescue-family-0069,2,BF520.1|Minimal BF520.1
rescue-family-0070,4,BG24|BG33|BG38|BG5
rescue-family-0071,1,BG505.13
rescue-family-0072,1,BG505.23
rescue-family-0073,1,BG505.25
rescue-family-0074,1,BG505.34
rescue-family-0075,1,BG505.36
rescue-family-0076,1,BG505.42
rescue-family-0077,1,BG505.46
rescue-family-0078,1,BG505.48
rescue-family-0079,1,BG505.49
rescue-family-0080,1,BG505.50
rescue-family-0081,1,BG505.56
rescue-family-0082,1,BG505.57
rescue-family-0083,1,BG505.61
rescue-family-0084,1,BG505.63
rescue-family-0085,1,BG505.68
rescue-family-0086,1,BG505.69
rescue-family-0087,1,bNAb1586
rescue-family-0088,1,bNAb2101
rescue-family-0089,1,bNAb4251
rescue-family-0090,2,CAP228-16H|CAP228-19F
rescue-family-0091,1,CAP228-3D
rescue-family-0092,1,CAP248-2B
rescue-family-0093,1,CAP257-RH1
rescue-family-0094,5,CH01|CH01_UA3|CH02|CH03|CH04
rescue-family-0095,2,CH104|CH106
rescue-family-0096,2,CH235|CH235.12
rescue-family-0097,1,CH58
rescue-family-0098,1,CH59
rescue-family-0099,1,CH98
rescue-family-0100,2,DF1W-a.01|DF1W-a.02
rescue-family-0101,3,DFPH-a.01|DFPH-a.03|DFPH-a.15
rescue-family-0102,3,DH1003.1|DH1003.2|DH1003.3
rescue-family-0103,3,DH1317.4|DH1317.8|DH1317.9
rescue-family-0104,1,DH1318.2
rescue-family-0105,1,DH1322.1
rescue-family-0106,1,DH1346
rescue-family-0107,11,DH270 IA1|DH270 IA2|DH270 IA3|DH270 IA4|DH270 UCA|DH270.1|DH270.2|DH270.3|DH270.4|DH270.5|DH270.6
rescue-family-0108,1,DH272
rescue-family-0109,1,DH475
rescue-family-0110,15,DH511.1|DH511.11P|DH511.12P|DH511.2|DH511.3|DH511.4|DH511.5|DH511.6|DH511_I1|DH511_I2|DH511_I3|DH511_I4|DH511_I5|DH511_I6|DH511_UCA
rescue-family-0111,1,DH517
rescue-family-0112,1,DH576
rescue-family-0113,1,DH583
rescue-family-0114,1,DH650.8
rescue-family-0115,16,DH651.8|DH651.9|VRC03|VRC03b|VRC03d|VRC03f|VRC03g|VRC03h|VRC03i|VRC06|VRC06b|VRC06c|VRC06d|VRC06e|VRC06f|VRC06g
rescue-family-0116,4,DH717.1|DH717.2|DH717.3|DH717.4
rescue-family-0117,1,DH796.1
rescue-family-0118,4,DH851.1|DH851.2|DH851.3|DH851.4
rescue-family-0119,5,DJ85-a.01|DJ85-b.01|DJ85-c.01|DJ85-d.01|DJ85-e.01
rescue-family-0120,1,DRVIA7
rescue-family-0121,1,E51
rescue-family-0122,1,ElsE1
rescue-family-0123,4,EN01_007|EN01_01_C10|EN01_01_G04|EN01_03_A07
rescue-family-0124,1,EN02_01_D03
rescue-family-0125,1,EN02_04_A06
rescue-family-0126,1,EN02_05_B08
rescue-family-0127,1,FD22
rescue-family-0128,1,GPZ6-a.01
rescue-family-0129,1,GPZ6-b.01
rescue-family-0130,1,gVRC-H1dC38/VRC01L
rescue-family-0131,1,HERH-a.01
rescue-family-0132,1,HERH-b.01
rescue-family-0133,1,HERH-c.01
rescue-family-0134,1,HG107
rescue-family-0135,1,HG120
rescue-family-0136,1,HGN194
rescue-family-0137,1,HK20
rescue-family-0138,1,IOMA
rescue-family-0139,6,J029|J031|J033|J038|J040|J044
rescue-family-0140,4,LJF-0024|LJF-0034|LJF-0085|LJF-0087
rescue-family-0141,1,LJF-0097
rescue-family-0142,1,LJF-0109
rescue-family-0143,1,LJF-0142
rescue-family-0144,1,LN01
rescue-family-0145,2,M1214_N1|M1214_N1.2
rescue-family-0146,1,M1214_N2
rescue-family-0147,1,M4008_N1
rescue-family-0148,2,m66|m66.6
rescue-family-0149,1,MEL-1842
rescue-family-0150,1,MEL-1872
rescue-family-0151,1,MEL-2129
rescue-family-0152,7,N49P11|N49P18.1|N49P19|N49P6|N49P7|N49P7.1|N49P7.2
rescue-family-0153,1,N49P22
rescue-family-0154,1,N49P23
rescue-family-0155,3,N49P9|N49P9.1|N49P9.3
rescue-family-0156,1,N6
rescue-family-0157,4,N60P1.1|N60P2.1|N60P25.1|N60P31.1
rescue-family-0158,1,N60P22
rescue-family-0159,1,NC-Cow1
rescue-family-0160,1,NC-Cow10
rescue-family-0161,1,NC-Cow2
rescue-family-0162,4,NC-Cow3|NC-Cow4|NC-Cow5|NC-Cow6
rescue-family-0163,1,NC-Cow7
rescue-family-0164,2,NC-Cow8|NC-Cow9
rescue-family-0165,1,O.1
rescue-family-0166,1,O.2
rescue-family-0167,2,O.3|O.5
rescue-family-0168,1,O.4
rescue-family-0169,36,PC39-17A|PC39-17B|PC39-17C|PC39-23A|PC39-23B|PC39-23C|PC39-23D|PC39-28A|PC39-28B|PC39-28C|PC39-28D|PC39-28E|PC39-39A|PC39-39B|PC39-39C|PC39-39D|PC39-45A|PC39-45B|PC39-50A|PC39-50B|PC39-50C|PC39-50D|PC39-50E|PC39-50F|PC39-50G|PC39-50H|PC39-50I|PC39-50J|PC39-50K|PC39-50L|PC39-55A|PC39-55B|PC39-55C|PC39-55D|PC39-61A|PC39-61B
rescue-family-0170,12,PCDN-16A|PCDN-16B|PCDN-22A|PCDN-22B|PCDN-22C|PCDN-27A|PCDN-27B|PCDN-27C|PCDN-27D|PCDN-33A|PCDN-38A|PCDN-38B
rescue-family-0171,18,PCIN66B|PCIN71B|PCIN71C|PCIN71D2b|PCIN71F|PCIN71G|PCIN71H|PCIN71I1a|PCIN71J2a|PCIN71K|PCIN71L|PCIN71M1a|PCIN71N1a|PCIN71O|PCIN71P|PCIN77B1b|PCIN77C|PCIN77D
rescue-family-0172,23,PCT64-18B|PCT64-18C|PCT64-18D|PCT64-18F|PCT64-24A|PCT64-24B|PCT64-24E|PCT64-24F|PCT64-24G|PCT64-24H|PCT64-35B|PCT64-35C|PCT64-35D|PCT64-35E|PCT64-35F|PCT64-35G|PCT64-35H|PCT64-35I|PCT64-35K|PCT64-35M|PCT64-35N|PCT64-35O|PCT64-35S
rescue-family-0173,2,PG16|PG9
rescue-family-0174,1,PGC14
rescue-family-0175,4,PGDM11|PGDM12|PGDM13|PGDM14
rescue-family-0176,2,PGDM1400|PGDM1402
rescue-family-0177,1,PGDM1401
rescue-family-0178,1,PGDM1403
rescue-family-0179,2,PGDM1404|PGDM1405
rescue-family-0180,1,PGDM1406
rescue-family-0181,1,PGDM21
rescue-family-0182,1,PGDM31
rescue-family-0183,6,PGT125|PGT126|PGT127|PGT128|PGT130|PGT131
rescue-family-0184,3,PGT135|PGT136|PGT137
rescue-family-0185,5,PGT141|PGT142|PGT143|PGT144|PGT145
rescue-family-0186,2,PGT151|PGT152
rescue-family-0187,1,PGT153
rescue-family-0188,1,PGT154
rescue-family-0189,4,PGT155|PGT156|PGT157|PGT158
rescue-family-0190,3,PGZL1|PGZL1.H4K3|PGZL1_gVmDmJ
rescue-family-0191,1,QA013.19
rescue-family-0192,1,QA013.2
rescue-family-0193,2,QA013.3|QA013.53
rescue-family-0194,1,QA013.32
rescue-family-0195,1,QA013.4
rescue-family-0196,4,RHA1.V2.01|RHA1.V2.02|RHA1.V2.03|RHA1.V2.04
rescue-family-0197,2,RHA10.01|RHA10.04
rescue-family-0198,7,SF10|SF12|SF2|SF3|SF5|SF7|SF8
rescue-family-0199,1,T646-a.01
rescue-family-0200,5,TRNM-a.01|TRNM-b.01|TRNM-c.01|TRNM-e.01|TRNM-f.01
rescue-family-0201,1,V031-a.01
rescue-family-0202,1,V033-a.01
rescue-family-0203,1,vFP1.01
rescue-family-0204,1,vFP16.02
rescue-family-0205,1,vFP20.01
rescue-family-0206,1,vFP48.02
rescue-family-0207,1,vFP49.02
rescue-family-0208,1,vFP5.01
rescue-family-0209,1,vFP52.02
rescue-family-0210,1,vFP53.02
rescue-family-0211,2,vFP7.04|vFP7.05
rescue-family-0212,5,VRC-CH30|VRC-CH31|VRC-CH32|VRC-CH33|VRC-CH34
rescue-family-0213,2,VRC-PG04|VRC-PG04b
rescue-family-0214,1,VRC-PG05
rescue-family-0215,1,VRC-PG19
rescue-family-0216,1,VRC-PG20
rescue-family-0217,31,VRC26.01|VRC26.02|VRC26.03|VRC26.04|VRC26.05|VRC26.06|VRC26.07|VRC26.08|VRC26.09|VRC26.10|VRC26.12|VRC26.13|VRC26.14|VRC26.15|VRC26.16|VRC26.17|VRC26.18|VRC26.19|VRC26.20|VRC26.21|VRC26.22|VRC26.23|VRC26.24|VRC26.25|VRC26.26|VRC26.27|VRC26.28|VRC26.29|VRC26.30|VRC26.31|VRC26.33
rescue-family-0218,1,VRC33.01
rescue-family-0219,14,VRC34-UCA|VRC34-pI1|VRC34-pI2 H33P|VRC34-pI3HCpI2LC|VRC34-pI4|VRC34.01|VRC34.01_Combo1|VRC34.01_mm28|VRC34.02|VRC34.03|VRC34.04|VRC34.05|VRC34.06|VRC34.07
rescue-family-0220,11,VRC38.01|VRC38.02|VRC38.03|VRC38.04|VRC38.05|VRC38.06|VRC38.07|VRC38.08|VRC38.09|VRC38.10|VRC38.11
rescue-family-0221,2,VRC40.01|VRC40.02
rescue-family-0222,2,VRC41.01|VRC41.02
rescue-family-0223,7,VRC42.01|VRC42.02|VRC42.03|VRC42.04|VRC42.05|VRC42.I3|VRC42.N1
rescue-family-0224,3,VRC43.01|VRC43.02|VRC43.03
rescue-family-0225,2,VRC44.01|VRC44.02
rescue-family-0226,1,VRC46.01
rescue-family-0227,1,X5
rescue-family-0228,1,Y498
rescue-family-0229,1,Z13
